name,value,low,high,unit,source_url,source_date,note
p0_us_ai_power_gw,15,10,20,GW,https://epoch.ai/topics/energy,2026-01,"US AI-dedicated data-center power at end-2025. Epoch: global AI ~30 GW in Q4 2025; US taken as roughly half. Epoch's tracked frontier sites total 13.5 GW IT power (https://epoch.ai/data/data-centers)."
demand_growth,1.5,1.3,2.0,x per year,https://epoch.ai/publications/ai-energy,2026-07-14,"What the industry wants to build. Epoch: US AI power 'could reach 100 GW' by 2030 if the trend continues, i.e. ~1.46x/yr from 15 GW. Goldman: US data-center load 31 -> 41 -> 66 GW over 2025-27."
hw_eff_growth,1.4,1.3,1.5,x per year,https://epoch.ai/data-insights/ml-hardware-energy-efficiency,2024-10-23,"Epoch: energy efficiency (FLOP/W) of leading GPUs/TPUs doubles about every 2 years (~40%/yr)."
alg_eff_growth,2.8,2.0,3.5,x per year,https://epoch.ai/blog/algorithmic-progress-in-language-models,2024-03-12,"Epoch: compute needed for a fixed level of language-model performance halves roughly every 8 months (95% CI 5-14 months). 2.0 is the conservative case."
space_kw_per_tonne,80,60,100,kW per tonne,https://www.lightreading.com/data-centers/musk-magic-not-needed-for-spacex-s-orbital-ai-data-center-plan,2026-06-10,"Compute power per tonne launched, all-in (arrays, radiators, compute, structure). SpaceX AI1 implies ~70 kW/t; Musk's Feb 2026 memo assumes 100 kW/t."
space_tonnes_per_launch,100,100,150,tonnes,https://www.sec.gov/Archives/edgar/data/1181412/000162828026042639/spaceexplorationtechnologi.htm,2026-06-11,"SpaceX prospectus: 'Starship V3 is designed to deliver 100 metric tons to Earth's orbit in a fully reusable configuration.' Design goal, not demonstrated."
space_sat_life_years,5,4,7,years,https://arxiv.org/html/2511.19468v2,2026-06-17,"Google Suncatcher paper: reference satellite life 5 years; repair 'impracticable in space'."
dc_utilization,0.8,0.6,0.9,fraction,,,"Assumption: average draw as a fraction of nameplate facility power, for the share-of-generation calculation only."
us_electricity_twh_2026,4135,,,TWh,https://www.eia.gov/outlooks/steo/report/elec_coal_renew.php,2026-09-09,"EIA STEO: US electricity sales 4,135 billion kWh in 2026."
us_electricity_growth,1.015,,,x per year,,,"Assumption: US electricity sales grow 1.5%/yr (EIA STEO shows 4,135 -> 4,211 TWh from 2026 to 2027, +1.8%)."
campus_trend_base_gw,0.95,,,GW,https://epoch.ai/data-insights/frontier-data-center-power,2026-06,"Anchor for the single-site trend: the record AI campus (xAI Colossus 2) at ~950 MW of IT power in June 2026 (Epoch)."
campus_trend_doubling_months,10,,,months,https://epoch.ai/data-insights/frontier-data-center-power,2026-06,"Epoch: since mid-2024 the record for the largest AI data center by IT power has doubled every ten months (2.3x per year)."
