case,binds_grid,binds_terrestrial,share_2030_grid,share_2033_grid,share_2035_grid,growth_unconstrained,growth_grid,demand_share_2030_pct,binds_terrestrial_plus_space,space_gw_2030,space_gw_2033,share_2035_space
Base case,2029,2031,0.685,0.328,0.187,5.88,4.973,18.189,2031,4.32,29.0,0.4
Starting power 10 GW,2030,2033,0.961,0.472,0.272,5.88,5.163,12.126,2033,4.32,29.0,0.591
Starting power 20 GW,2027,2029,0.547,0.256,0.145,5.88,4.847,24.252,2030,4.32,29.0,0.304
Demand growth 1.3x/yr,2034,,1.0,1.0,0.783,5.096,4.973,8.893,,4.32,29.0,1.0
Demand growth 2.0x/yr,2026,2026,0.163,0.033,0.011,7.84,4.973,76.647,2026,4.32,29.0,0.023
Hardware efficiency 1.3x/yr,2029,2031,0.685,0.328,0.187,5.46,4.618,18.189,2031,4.32,29.0,0.4
Hardware efficiency 1.5x/yr,2029,2031,0.685,0.328,0.187,6.3,5.328,18.189,2031,4.32,29.0,0.4
Algorithmic efficiency 2.0x/yr,2029,2031,0.685,0.328,0.187,4.2,3.552,18.189,2031,4.32,29.0,0.4
Algorithmic efficiency 3.5x/yr,2029,2031,0.685,0.328,0.187,7.35,6.216,18.189,2031,4.32,29.0,0.4
Terrestrial supply 70%,2027,2029,0.519,0.241,0.136,5.88,4.818,18.189,2029,4.32,29.0,0.306
Terrestrial supply 130%,2030,2032,0.851,0.414,0.238,5.88,5.094,18.189,2033,4.32,29.0,0.494
Orbital compute 60 kW per tonne,2029,2031,0.685,0.328,0.187,5.88,4.973,18.189,2031,3.24,21.75,0.382
Orbital compute 100 kW per tonne,2029,2031,0.685,0.328,0.187,5.88,4.973,18.189,2031,5.4,36.25,0.418
Starship payload 150 t,2029,2031,0.685,0.328,0.187,5.88,4.973,18.189,2032,6.48,43.5,0.435
Satellite life 4 years,2029,2031,0.685,0.328,0.187,5.88,4.973,18.189,2031,4.32,28.0,0.394
Satellite life 7 years,2029,2031,0.685,0.328,0.187,5.88,4.973,18.189,2031,4.32,29.32,0.405
Utilization 60%,2029,2031,0.685,0.328,0.187,5.88,4.973,13.642,2031,4.32,29.0,0.4
Utilization 90%,2029,2031,0.685,0.328,0.187,5.88,4.973,20.462,2031,4.32,29.0,0.4
"Pessimistic combo: 20 GW start, 2.0x demand, 70% supply, 2.0x algorithms",2026,2026,0.1,0.019,0.006,5.6,3.357,102.196,2026,4.32,29.0,0.013
"Optimistic combo: 10 GW start, 1.3x demand, 130% supply, 3.5x algorithms",,,1.0,1.0,1.0,6.37,6.37,5.929,,4.32,29.0,1.0
