year,demand_gw,supply_grid_gw,supply_terrestrial_gw,space_capacity_gw,supply_terrestrial_plus_space_gw,realized_grid_gw,realized_terrestrial_gw,realized_space_gw,compute_unconstrained,compute_grid,compute_terrestrial,compute_space,share_demand_pct,share_grid_pct,share_terrestrial_pct
2025,15.0,15.0,15.0,0.0,15.0,15.0,15.0,15.0,1.0,1.0,1.0,1.0,2.58,2.58,2.58
2026,22.5,27.0,29.0,0.0,29.0,22.5,22.5,22.5,5.88,5.88,5.88,5.88,3.813,3.813,3.813
2027,33.75,39.0,47.0,0.0,47.0,33.75,33.75,33.75,34.574,34.574,34.574,34.574,5.635,5.635,5.635
2028,50.625,51.0,69.0,0.32,69.32,50.625,50.625,50.625,203.297,203.297,203.297,203.297,8.328,8.328,8.328
2029,75.938,64.0,95.0,1.32,96.32,64.0,75.938,75.938,1195.389,1007.472,1195.389,1195.389,12.308,10.373,12.308
2030,113.906,78.0,125.0,4.32,129.32,78.0,113.906,113.906,7028.888,4813.197,7028.888,7028.888,18.189,12.455,18.189
2031,170.859,93.0,157.0,9.32,166.32,93.0,157.0,166.32,41329.862,22496.144,37977.362,40231.814,26.88,14.631,24.699
2032,256.289,109.0,189.0,17.32,206.32,109.0,189.0,206.32,243019.589,103356.479,179214.446,195637.696,39.724,16.895,29.294
2033,384.434,126.0,221.0,29.0,250.0,126.0,221.0,250.0,1428955.185,468347.086,821465.92,929260.091,58.705,19.241,33.748
2034,576.65,144.0,253.0,44.0,297.0,144.0,253.0,297.0,8402256.487,2098194.944,3686411.951,4327527.072,86.757,21.665,38.064
2035,864.976,162.0,285.0,61.0,346.0,162.0,285.0,346.0,49405268.146,9253039.704,16278495.776,19762665.047,128.212,24.013,42.244
